,Date,Stock Splits
MMM,1972-06-16 00:00:00-04:00,2.0
MMM,1987-06-16 00:00:00-04:00,2.0
MMM,1994-04-11 00:00:00-04:00,2.0
MMM,2003-09-30 00:00:00-04:00,2.0
AOS,1993-08-17 00:00:00-04:00,2.0
AOS,1998-08-18 00:00:00-04:00,1.5
AOS,2010-11-16 00:00:00-05:00,1.5
AOS,2013-05-16 00:00:00-04:00,2.0
AOS,2016-10-06 00:00:00-04:00,2.0
ABT,1981-06-01 00:00:00-04:00,2.0
ABT,1986-06-02 00:00:00-04:00,2.0
ABT,1990-06-01 00:00:00-04:00,2.0
ABT,1992-06-01 00:00:00-04:00,2.0
ABT,1998-06-01 00:00:00-04:00,2.0
ABT,2004-05-03 00:00:00-04:00,1.0688328345446771
ABT,2013-01-02 00:00:00-05:00,2.084201750729471
ADM,1980-10-27 00:00:00-05:00,1.05
ADM,1981-03-23 00:00:00-05:00,1.5
ADM,1981-08-17 00:00:00-04:00,1.05
ADM,1982-08-17 00:00:00-04:00,1.05
ADM,1983-08-16 00:00:00-04:00,1.05
ADM,1984-08-14 00:00:00-04:00,1.05
ADM,1985-08-13 00:00:00-04:00,1.05
ADM,1986-06-03 00:00:00-04:00,1.5
ADM,1986-08-12 00:00:00-04:00,1.05
ADM,1987-08-11 00:00:00-04:00,1.05
ADM,1988-08-16 00:00:00-04:00,1.05
ADM,1989-08-22 00:00:00-04:00,1.05
ADM,1989-12-05 00:00:00-05:00,1.5
ADM,1990-08-14 00:00:00-04:00,1.05
ADM,1991-08-13 00:00:00-04:00,1.05
ADM,1992-08-11 00:00:00-04:00,1.05
ADM,1993-08-17 00:00:00-04:00,1.05
ADM,1994-08-16 00:00:00-04:00,1.05
ADM,1994-12-06 00:00:00-05:00,1.5
ADM,1995-08-17 00:00:00-04:00,1.05
ADM,1996-08-15 00:00:00-04:00,1.05
ADM,1997-08-14 00:00:00-04:00,1.05
ADM,1998-08-20 00:00:00-04:00,1.05
ADM,1999-08-19 00:00:00-04:00,1.05
ADM,2000-08-24 00:00:00-04:00,1.05
ADM,2001-08-30 00:00:00-04:00,1.05
ADBE,1987-03-12 00:00:00-05:00,2.0
ADBE,1988-11-23 00:00:00-05:00,2.0
ADBE,1993-08-11 00:00:00-04:00,2.0
ADBE,1999-10-27 00:00:00-04:00,2.0
ADBE,2000-10-25 00:00:00-04:00,2.0
ADBE,2005-05-24 00:00:00-04:00,2.0
ADP,1981-05-22 00:00:00-04:00,2.0
ADP,1986-06-09 00:00:00-04:00,2.0
ADP,1991-05-01 00:00:00-04:00,2.0
ADP,1996-01-02 00:00:00-05:00,2.0
ADP,1999-01-04 00:00:00-05:00,2.0
ADP,2007-04-02 00:00:00-04:00,1.1070519207350824
ADP,2014-10-01 00:00:00-04:00,1.139
AES,1994-02-01 00:00:00-05:00,1.5
AES,1994-03-04 00:00:00-05:00,1.03
AES,1997-08-29 00:00:00-04:00,2.0
AES,2000-06-02 00:00:00-04:00,2.0
AFL,1983-12-14 00:00:00-05:00,1.2
AFL,1984-10-22 00:00:00-04:00,1.1
AFL,1985-06-04 00:00:00-04:00,1.5
AFL,1986-03-03 00:00:00-05:00,1.3333333333333333
AFL,1987-02-03 00:00:00-05:00,2.0
AFL,1993-06-15 00:00:00-04:00,1.25
AFL,1996-03-18 00:00:00-05:00,1.5
AFL,1998-06-09 00:00:00-04:00,2.0
AFL,2001-03-19 00:00:00-05:00,2.0
AFL,2018-03-19 00:00:00-04:00,2.0
A,2014-11-03 00:00:00-05:00,1.398
APD,1986-06-06 00:00:00-04:00,2.0
APD,1992-03-10 00:00:00-05:00,2.0
APD,1998-06-16 00:00:00-04:00,2.0
APD,2016-10-03 00:00:00-04:00,1.081
ALK,1980-11-17 00:00:00-05:00,1.05
ALK,1981-11-16 00:00:00-05:00,1.05
ALK,2012-03-19 00:00:00-04:00,2.0
ALK,2014-07-10 00:00:00-04:00,2.0
ALB,2007-03-02 00:00:00-05:00,2.0
LNT,1988-09-26 00:00:00-04:00,2.0
LNT,2016-05-20 00:00:00-04:00,2.0
ALL,1998-07-02 00:00:00-04:00,2.0
GOOGL,2014-04-03 00:00:00-04:00,1.998
GOOGL,2022-07-18 00:00:00-04:00,20.0
GOOG,2014-03-27 00:00:00-04:00,2.002
GOOG,2015-04-27 00:00:00-04:00,1.0027455
GOOG,2022-07-18 00:00:00-04:00,20.0
MO,1966-05-19 00:00:00-04:00,3.0
MO,1969-05-22 00:00:00-04:00,2.0
MO,1974-06-03 00:00:00-04:00,2.0
MO,1979-06-01 00:00:00-04:00,2.0
MO,1986-04-11 00:00:00-05:00,2.0
MO,1989-10-11 00:00:00-04:00,4.0
MO,1997-04-11 00:00:00-04:00,3.0
AMZN,1998-06-02 00:00:00-04:00,2.0
AMZN,1999-01-05 00:00:00-05:00,3.0
AMZN,1999-09-02 00:00:00-04:00,2.0
AMZN,2022-06-06 00:00:00-04:00,20.0
AMD,1980-10-24 00:00:00-04:00,2.0
AMD,1982-10-28 00:00:00-04:00,1.5
AMD,1983-08-23 00:00:00-04:00,2.0
AMD,2000-08-22 00:00:00-04:00,2.0
AEP,1962-10-31 00:00:00-05:00,2.0
AXP,1983-02-11 00:00:00-05:00,1.3333333333333333
AXP,1983-08-11 00:00:00-04:00,1.5
AXP,1987-05-11 00:00:00-04:00,2.0
AXP,1994-05-31 00:00:00-04:00,1.13314447592068
AXP,2000-05-11 00:00:00-04:00,3.0
AXP,2005-10-03 00:00:00-04:00,1.1424654404204273
AIG,1974-04-01 00:00:00-04:00,1.25
AIG,1977-03-29 00:00:00-05:00,1.25
AIG,1981-05-28 00:00:00-04:00,1.5
AIG,1983-04-26 00:00:00-04:00,1.25
AIG,1986-11-18 00:00:00-05:00,2.0
AIG,1990-07-23 00:00:00-04:00,1.25
AIG,1993-07-30 00:00:00-04:00,1.5
AIG,1995-07-31 00:00:00-04:00,1.5
AIG,1997-07-28 00:00:00-04:00,1.5
AIG,1998-08-03 00:00:00-04:00,1.5
AIG,1999-08-02 00:00:00-04:00,1.25
AIG,2000-07-31 00:00:00-04:00,1.5
AIG,2009-07-01 00:00:00-04:00,0.05
AME,1987-11-20 00:00:00-05:00,2.0
AME,2004-03-01 00:00:00-05:00,2.0
AME,2006-11-28 00:00:00-05:00,1.5
AME,2010-12-22 00:00:00-05:00,1.5
AME,2012-07-02 00:00:00-04:00,1.5
AMGN,1990-08-13 00:00:00-04:00,2.0
AMGN,1991-09-11 00:00:00-04:00,3.0
AMGN,1995-08-16 00:00:00-04:00,2.0
AMGN,1999-03-01 00:00:00-05:00,2.0
AMGN,1999-11-22 00:00:00-05:00,2.0
APH,2000-04-26 00:00:00-04:00,2.0
APH,2004-03-30 00:00:00-05:00,2.0
APH,2007-04-02 00:00:00-04:00,2.0
APH,2014-10-10 00:00:00-04:00,2.0
APH,2021-03-05 00:00:00-05:00,2.0
ADI,1980-04-16 00:00:00-05:00,1.25
ADI,1981-04-07 00:00:00-05:00,1.25
ADI,1982-04-13 00:00:00-05:00,1.25
ADI,1983-04-05 00:00:00-05:00,1.5
ADI,1984-04-17 00:00:00-05:00,1.3333333333333333
ADI,1986-04-15 00:00:00-05:00,1.3333333333333333
ADI,1995-01-05 00:00:00-05:00,1.5
ADI,1996-01-04 00:00:00-05:00,1.5
ADI,1997-01-07 00:00:00-05:00,1.3333333333333333
ADI,2000-03-16 00:00:00-05:00,2.0
ANSS,2004-10-05 00:00:00-04:00,2.0
ANSS,2007-06-05 00:00:00-04:00,2.0
AON,1987-05-27 00:00:00-04:00,2.0
AON,1994-05-17 00:00:00-04:00,1.5
AON,1997-05-15 00:00:00-04:00,1.5
AON,1999-05-18 00:00:00-04:00,1.5
APA,1979-05-15 00:00:00-04:00,1.3333333333333333
APA,1980-05-15 00:00:00-04:00,1.5
APA,1981-02-20 00:00:00-05:00,1.5
APA,2001-12-27 00:00:00-05:00,1.1
APA,2003-03-10 00:00:00-05:00,1.05
APA,2004-01-15 00:00:00-05:00,2.0
AAPL,1987-06-16 00:00:00-04:00,2.0
AAPL,2000-06-21 00:00:00-04:00,2.0
AAPL,2005-02-28 00:00:00-05:00,2.0
AAPL,2014-06-09 00:00:00-04:00,7.0
AAPL,2020-08-31 00:00:00-04:00,4.0
AMAT,1980-04-02 00:00:00-05:00,1.5
AMAT,1981-02-06 00:00:00-05:00,1.5
AMAT,1986-05-16 00:00:00-04:00,2.0
AMAT,1992-04-07 00:00:00-04:00,2.0
AMAT,1993-10-06 00:00:00-04:00,2.0
AMAT,1995-10-13 00:00:00-04:00,2.0
AMAT,1997-10-14 00:00:00-04:00,2.0
AMAT,2000-03-16 00:00:00-05:00,2.0
AMAT,2002-04-17 00:00:00-04:00,2.0
APTV,2017-12-05 00:00:00-05:00,1.193
ACGL,2011-05-12 00:00:00-04:00,3.0
ACGL,2018-06-21 00:00:00-04:00,3.0
ANET,2021-11-18 00:00:00-05:00,4.0
AJG,1986-07-16 00:00:00-04:00,2.0
AJG,2000-03-16 00:00:00-05:00,2.0
AJG,2001-01-19 00:00:00-05:00,2.0
T,1987-05-26 00:00:00-04:00,3.0
T,1993-05-26 00:00:00-04:00,2.0
T,1998-03-20 00:00:00-05:00,2.0
T,2022-04-11 00:00:00-04:00,1.324
ATO,1985-06-13 00:00:00-04:00,2.0
ATO,1994-05-17 00:00:00-04:00,1.5
ADSK,1987-03-30 00:00:00-05:00,3.0
ADSK,1994-10-31 00:00:00-05:00,2.0
ADSK,2002-04-19 00:00:00-04:00,2.0
ADSK,2004-12-21 00:00:00-05:00,2.0
AZO,1992-02-03 00:00:00-05:00,2.0
AZO,1994-04-21 00:00:00-04:00,2.0
AVY,1983-12-29 00:00:00-05:00,2.0
AVY,1987-03-17 00:00:00-05:00,2.0
AVY,1996-12-23 00:00:00-05:00,2.0
AXON,2004-02-11 00:00:00-05:00,3.0
AXON,2004-04-30 00:00:00-04:00,2.0
AXON,2004-11-30 00:00:00-05:00,2.0
BALL,1982-10-04 00:00:00-04:00,2.0
BALL,1985-10-02 00:00:00-04:00,2.0
BALL,2002-02-25 00:00:00-05:00,2.0
BALL,2004-08-24 00:00:00-04:00,2.0
BALL,2011-02-16 00:00:00-05:00,2.0
BALL,2017-05-17 00:00:00-04:00,2.0
BAC,1986-11-21 00:00:00-05:00,2.0
BAC,1997-02-28 00:00:00-05:00,2.0
BAC,2004-08-30 00:00:00-04:00,2.0
BBWI,1986-06-24 00:00:00-04:00,1.5
BBWI,1990-06-20 00:00:00-04:00,2.0
BBWI,1998-06-02 00:00:00-04:00,1.0176045588684237
BBWI,2000-05-31 00:00:00-04:00,2.0
BBWI,2021-08-03 00:00:00-04:00,1.237
BAX,1981-11-09 00:00:00-05:00,2.0
BAX,1983-11-18 00:00:00-05:00,2.0
BAX,1992-12-01 00:00:00-05:00,1.1010426874249915
BAX,2001-05-31 00:00:00-04:00,2.0
BAX,2015-07-01 00:00:00-04:00,1.841
BDX,1986-03-03 00:00:00-05:00,2.0
BDX,1993-03-01 00:00:00-05:00,2.0
BDX,1996-08-16 00:00:00-04:00,2.0
BDX,1998-08-21 00:00:00-04:00,2.0
BDX,2022-04-01 00:00:00-04:00,1.025
WRB,1986-06-19 00:00:00-04:00,1.5
WRB,1991-05-06 00:00:00-04:00,1.5
WRB,1997-09-19 00:00:00-04:00,1.5
WRB,2002-07-03 00:00:00-04:00,1.5
WRB,2003-08-28 00:00:00-04:00,1.5
WRB,2005-04-11 00:00:00-04:00,1.5
WRB,2006-04-05 00:00:00-04:00,1.5
WRB,2019-04-03 00:00:00-04:00,1.5
WRB,2022-03-24 00:00:00-04:00,1.5
BBY,1986-04-01 00:00:00-05:00,2.0
BBY,1987-02-23 00:00:00-05:00,1.5
BBY,1993-09-02 00:00:00-04:00,1.5
BBY,1994-04-29 00:00:00-04:00,2.0
BBY,1998-05-27 00:00:00-04:00,2.0
BBY,1999-03-19 00:00:00-05:00,2.0
BBY,2002-05-13 00:00:00-04:00,1.5
BBY,2005-08-04 00:00:00-04:00,1.5
BIO,1980-03-18 00:00:00-05:00,2.0
BIO,1985-08-01 00:00:00-04:00,1.5
BIO,1986-06-11 00:00:00-04:00,1.5
BIO,1996-06-03 00:00:00-04:00,1.5
BIO,2002-03-08 00:00:00-05:00,2.0
TECH,1997-11-18 00:00:00-05:00,2.0
TECH,2000-12-04 00:00:00-05:00,2.0
TECH,2022-11-30 00:00:00-05:00,4.0
BIIB,1999-12-21 00:00:00-05:00,2.0
BIIB,2001-01-18 00:00:00-05:00,3.0
BK,1983-10-11 00:00:00-04:00,2.0
BK,1986-11-07 00:00:00-05:00,1.5
BK,1994-05-16 00:00:00-04:00,2.0
BK,1996-08-09 00:00:00-04:00,2.0
BK,1998-08-14 00:00:00-04:00,2.0
BK,2007-07-02 00:00:00-04:00,0.9434
BA,1966-05-18 00:00:00-04:00,2.0
BA,1977-09-13 00:00:00-04:00,2.0
BA,1979-04-16 00:00:00-05:00,1.5
BA,1980-04-15 00:00:00-05:00,1.5
BA,1985-06-10 00:00:00-04:00,1.5
BA,1989-06-12 00:00:00-04:00,1.5
BA,1990-06-11 00:00:00-04:00,1.5
BA,1997-06-09 00:00:00-04:00,2.0
BKNG,2003-06-16 00:00:00-04:00,0.16666666666666666
BWA,2004-05-18 00:00:00-04:00,2.0
BWA,2007-12-18 00:00:00-05:00,2.0
BWA,2013-12-17 00:00:00-05:00,2.0
BWA,2023-07-05 00:00:00-04:00,1.136
BSX,1998-12-01 00:00:00-05:00,2.0
BSX,2003-11-06 00:00:00-05:00,2.0
BMY,1977-05-31 00:00:00-04:00,2.0
BMY,1983-05-27 00:00:00-04:00,2.0
BMY,1987-06-10 00:00:00-04:00,2.0
BMY,1997-03-03 00:00:00-05:00,2.0
BMY,1999-03-01 00:00:00-05:00,2.0
BMY,2001-08-07 00:00:00-04:00,1.0506662800214757
BRO,1983-03-24 00:00:00-05:00,1.5
BRO,1986-05-12 00:00:00-04:00,1.5
BRO,1991-05-30 00:00:00-04:00,1.25
BRO,1998-03-02 00:00:00-05:00,1.5
BRO,2000-08-24 00:00:00-04:00,2.0
BRO,2001-11-23 00:00:00-05:00,2.0
BRO,2005-11-29 00:00:00-05:00,2.0
BRO,2018-03-29 00:00:00-04:00,2.0
CHRW,2000-12-04 00:00:00-05:00,2.0
CHRW,2005-10-17 00:00:00-04:00,2.0
CDNS,1995-10-31 00:00:00-05:00,1.5
CDNS,1996-06-03 00:00:00-04:00,1.5
CDNS,1997-11-17 00:00:00-05:00,2.0
CPB,1985-08-01 00:00:00-04:00,2.0
CPB,1987-12-23 00:00:00-05:00,2.0
CPB,1991-12-24 00:00:00-05:00,2.0
CPB,1997-03-18 00:00:00-05:00,2.0
COF,1999-06-02 00:00:00-04:00,3.0
CAH,1987-09-09 00:00:00-04:00,1.1
CAH,1988-09-09 00:00:00-04:00,1.1
CAH,1989-10-02 00:00:00-04:00,1.25
CAH,1990-10-01 00:00:00-04:00,1.25
CAH,1991-10-01 00:00:00-04:00,1.25
CAH,1994-07-01 00:00:00-04:00,1.25
CAH,1996-12-17 00:00:00-05:00,1.5
CAH,1998-11-02 00:00:00-05:00,1.5
CAH,2001-04-23 00:00:00-04:00,1.5
KMX,2007-03-27 00:00:00-04:00,2.0
CCL,1994-12-15 00:00:00-05:00,2.0
CCL,1998-06-15 00:00:00-04:00,2.0
CAT,1964-07-06 00:00:00-04:00,2.0
CAT,1976-07-26 00:00:00-04:00,1.5
CAT,1994-09-06 00:00:00-04:00,2.0
CAT,1997-07-14 00:00:00-04:00,2.0
CAT,2005-07-14 00:00:00-04:00,2.0
CBRE,2006-06-02 00:00:00-04:00,3.0
COR,1999-03-25 00:00:00-05:00,2.0
COR,2005-12-29 00:00:00-05:00,2.0
COR,2009-06-16 00:00:00-04:00,2.0
CNC,2003-07-14 00:00:00-04:00,1.5
CNC,2004-12-20 00:00:00-05:00,2.0
CNC,2015-02-20 00:00:00-05:00,2.0
CNC,2019-02-07 00:00:00-05:00,2.0
CNP,1963-05-20 00:00:00-04:00,3.0
CNP,1981-06-15 00:00:00-04:00,1.5
CNP,1995-12-11 00:00:00-05:00,2.0
CNP,2002-10-01 00:00:00-04:00,1.1862396204033214
CF,2015-06-18 00:00:00-04:00,5.0
SCHW,1991-12-03 00:00:00-05:00,1.5
SCHW,1993-06-02 00:00:00-04:00,1.5
SCHW,1995-03-02 00:00:00-05:00,1.5
SCHW,1995-09-05 00:00:00-04:00,2.0
SCHW,1997-09-16 00:00:00-04:00,1.5
SCHW,1998-12-14 00:00:00-05:00,1.5
SCHW,1999-07-02 00:00:00-04:00,2.0
SCHW,2000-05-31 00:00:00-04:00,1.5
CVX,1962-12-17 00:00:00-05:00,1.05
CVX,1973-12-11 00:00:00-05:00,2.0
CVX,1981-03-11 00:00:00-05:00,2.0
CVX,1994-06-13 00:00:00-04:00,2.0
CVX,2004-09-13 00:00:00-04:00,2.0
CB,1998-03-03 00:00:00-05:00,3.0
CHD,1981-06-22 00:00:00-04:00,3.0
CHD,1983-06-09 00:00:00-04:00,1.5
CHD,1984-09-04 00:00:00-04:00,1.5
CHD,1986-03-06 00:00:00-05:00,2.0
CHD,1999-09-02 00:00:00-04:00,2.0
CHD,2004-09-02 00:00:00-04:00,1.5
CHD,2011-06-02 00:00:00-04:00,2.0
CHD,2016-09-02 00:00:00-04:00,2.0
CI,1998-05-18 00:00:00-04:00,3.0
CI,2007-06-05 00:00:00-04:00,3.0
CINF,1985-05-01 00:00:00-04:00,2.0
CINF,1992-05-18 00:00:00-04:00,3.0
CINF,1995-03-13 00:00:00-05:00,1.05
CINF,1996-03-13 00:00:00-05:00,1.05
CINF,1998-05-18 00:00:00-04:00,3.0
CINF,2004-04-28 00:00:00-04:00,1.05
CINF,2005-04-04 00:00:00-04:00,1.05
CTAS,1987-04-03 00:00:00-05:00,2.0
CTAS,1991-04-03 00:00:00-05:00,1.5
CTAS,1992-04-03 00:00:00-05:00,2.0
CTAS,1997-11-19 00:00:00-05:00,2.0
CTAS,2000-03-08 00:00:00-05:00,1.5
CSCO,1991-03-18 00:00:00-05:00,2.0
CSCO,1992-03-23 00:00:00-05:00,2.0
CSCO,1993-03-22 00:00:00-05:00,2.0
CSCO,1994-03-21 00:00:00-05:00,2.0
CSCO,1996-02-20 00:00:00-05:00,2.0
CSCO,1997-12-17 00:00:00-05:00,1.5
CSCO,1998-09-16 00:00:00-04:00,1.5
CSCO,1999-06-22 00:00:00-04:00,2.0
CSCO,2000-03-23 00:00:00-05:00,2.0
C,1987-03-13 00:00:00-05:00,2.0
C,1993-03-01 00:00:00-05:00,1.5
C,1993-08-30 00:00:00-04:00,1.3333333333333333
C,1995-10-03 00:00:00-04:00,1.0040160642570282
C,1996-05-28 00:00:00-04:00,1.5
C,1996-11-25 00:00:00-05:00,1.3333333333333333
C,1997-11-20 00:00:00-05:00,1.5
C,1999-06-01 00:00:00-04:00,1.5
C,2000-08-28 00:00:00-04:00,1.3333333333333333
C,2011-05-09 00:00:00-04:00,0.1
CLX,1987-06-02 00:00:00-04:00,2.0
CLX,1997-09-03 00:00:00-04:00,2.0
CLX,1999-08-24 00:00:00-04:00,2.0
CME,2012-07-23 00:00:00-04:00,5.0
KO,1965-02-19 00:00:00-05:00,2.0
KO,1968-06-03 00:00:00-04:00,2.0
KO,1977-06-01 00:00:00-04:00,2.0
KO,1986-07-01 00:00:00-04:00,3.0
KO,1990-05-14 00:00:00-04:00,2.0
KO,1992-05-12 00:00:00-04:00,2.0
KO,1996-05-13 00:00:00-04:00,2.0
KO,2012-08-13 00:00:00-04:00,2.0
CTSH,2000-03-17 00:00:00-05:00,2.0
CTSH,2003-04-02 00:00:00-05:00,3.0
CTSH,2004-06-18 00:00:00-04:00,2.0
CTSH,2007-10-17 00:00:00-04:00,2.0
CTSH,2014-03-10 00:00:00-04:00,2.0
CL,1973-05-30 00:00:00-04:00,3.0
CL,1991-05-16 00:00:00-04:00,2.0
CL,1997-05-16 00:00:00-04:00,2.0
CL,1999-07-01 00:00:00-04:00,2.0
CL,2013-05-16 00:00:00-04:00,2.0
CMCSA,1980-05-16 00:00:00-04:00,1.5
CMCSA,1981-04-13 00:00:00-05:00,1.5
CMCSA,1983-01-06 00:00:00-05:00,1.5
CMCSA,1984-09-19 00:00:00-04:00,1.5
CMCSA,1985-06-28 00:00:00-04:00,1.5
CMCSA,1986-12-19 00:00:00-05:00,1.5
CMCSA,1988-04-11 00:00:00-04:00,1.5
CMCSA,1989-10-25 00:00:00-04:00,1.5
CMCSA,1994-02-03 00:00:00-05:00,1.5
CMCSA,1999-05-06 00:00:00-04:00,2.0
CMCSA,2007-02-22 00:00:00-05:00,1.5
CMCSA,2017-02-21 00:00:00-05:00,2.0
CMA,1988-04-04 00:00:00-04:00,1.5
CMA,1991-06-20 00:00:00-04:00,1.5
CMA,1993-01-05 00:00:00-05:00,2.0
CMA,1998-04-02 00:00:00-05:00,1.5
CAG,1980-12-08 00:00:00-05:00,2.0
CAG,1984-12-03 00:00:00-05:00,1.5
CAG,1986-12-02 00:00:00-05:00,2.0
CAG,1989-12-04 00:00:00-05:00,1.5
CAG,1991-12-02 00:00:00-05:00,1.5
CAG,1997-10-02 00:00:00-04:00,2.0
CAG,2016-11-10 00:00:00-05:00,1.285
COP,1985-07-05 00:00:00-04:00,3.0
COP,2005-06-02 00:00:00-04:00,2.0
COP,2012-05-01 00:00:00-04:00,1.311791
ED,1965-03-02 00:00:00-05:00,2.0
ED,1982-07-01 00:00:00-04:00,2.0
ED,1989-07-03 00:00:00-04:00,2.0
STZ,1992-07-21 00:00:00-04:00,1.5
STZ,2001-05-15 00:00:00-04:00,2.0
STZ,2002-05-14 00:00:00-04:00,2.0
STZ,2005-05-16 00:00:00-04:00,2.0
COO,1995-09-22 00:00:00-04:00,0.3333333333333333
COO,2002-11-25 00:00:00-05:00,2.0
CPRT,1999-01-29 00:00:00-05:00,2.0
CPRT,2000-01-25 00:00:00-05:00,2.0
CPRT,2002-01-22 00:00:00-05:00,1.5
CPRT,2012-03-29 00:00:00-04:00,2.0
CPRT,2017-04-11 00:00:00-04:00,2.0
CPRT,2022-11-04 00:00:00-04:00,2.0
CPRT,2023-08-22 00:00:00-04:00,2.0
GLW,1985-02-13 00:00:00-05:00,2.0
GLW,1989-02-15 00:00:00-05:00,2.0
GLW,1992-02-11 00:00:00-05:00,2.0
GLW,2000-10-04 00:00:00-04:00,3.0
CSGP,2021-06-28 00:00:00-04:00,10.0
COST,1993-10-22 00:00:00-04:00,2.0
COST,2000-01-14 00:00:00-05:00,2.0
CTRA,2005-04-01 00:00:00-05:00,1.5
CTRA,2007-04-02 00:00:00-04:00,2.0
CTRA,2012-01-26 00:00:00-05:00,2.0
CTRA,2013-08-15 00:00:00-04:00,2.0
CSX,1983-10-26 00:00:00-04:00,3.0
CSX,1995-12-22 00:00:00-05:00,2.0
CSX,2006-08-16 00:00:00-04:00,2.0
CSX,2011-06-16 00:00:00-04:00,3.0
CSX,2021-06-29 00:00:00-04:00,3.0
CMI,1993-11-12 00:00:00-05:00,2.0
CMI,2007-04-10 00:00:00-04:00,2.0
CMI,2008-01-03 00:00:00-05:00,2.0
CVS,1983-05-03 00:00:00-04:00,2.0
CVS,1989-03-15 00:00:00-05:00,2.0
CVS,1998-06-16 00:00:00-04:00,2.0
CVS,2005-06-07 00:00:00-04:00,2.0
DHI,1993-08-25 00:00:00-04:00,1.05
DHI,1994-05-24 00:00:00-04:00,1.06
DHI,1995-05-24 00:00:00-04:00,1.09
DHI,1995-09-18 00:00:00-04:00,1.4
DHI,1996-05-06 00:00:00-04:00,1.08
DHI,2000-09-14 00:00:00-04:00,1.09
DHI,2001-03-07 00:00:00-05:00,1.11
DHI,2002-04-10 00:00:00-04:00,1.5
DHI,2004-01-13 00:00:00-05:00,1.5
DHI,2005-03-17 00:00:00-05:00,1.3333333333333333
DHR,1987-09-09 00:00:00-04:00,2.0
DHR,1995-01-23 00:00:00-05:00,2.0
DHR,1998-06-01 00:00:00-04:00,2.0
DHR,2004-05-21 00:00:00-04:00,2.0
DHR,2010-06-14 00:00:00-04:00,2.0
DHR,2016-07-05 00:00:00-04:00,1.319
DHR,2023-10-02 00:00:00-04:00,1.128
DRI,2002-05-02 00:00:00-04:00,1.5
DRI,2015-11-10 00:00:00-05:00,1.1186933661483387
DVA,1997-10-21 00:00:00-04:00,1.6666666666666667
DVA,2004-06-16 00:00:00-04:00,1.5
DVA,2013-09-09 00:00:00-04:00,2.0
DE,1972-09-22 00:00:00-04:00,2.0
DE,1976-09-22 00:00:00-04:00,2.0
DE,1995-11-29 00:00:00-05:00,3.0
DE,2007-12-04 00:00:00-05:00,2.0
XRAY,1992-08-24 00:00:00-04:00,2.0
XRAY,1997-10-30 00:00:00-05:00,2.0
XRAY,2002-02-01 00:00:00-05:00,1.5
XRAY,2006-07-18 00:00:00-04:00,2.0
DVN,2004-11-16 00:00:00-05:00,2.0
DXCM,2022-06-13 00:00:00-04:00,4.0
DIS,1962-12-18 00:00:00-05:00,1.03
DIS,1967-11-16 00:00:00-05:00,2.0
DIS,1971-03-01 00:00:00-05:00,2.0
DIS,1973-01-16 00:00:00-05:00,2.0
DIS,1986-03-06 00:00:00-05:00,4.0
DIS,1992-05-18 00:00:00-04:00,4.0
DIS,1998-07-10 00:00:00-04:00,3.0
DIS,2007-06-13 00:00:00-04:00,1.0136847440446022
DLTR,1996-04-22 00:00:00-04:00,1.5
DLTR,1997-07-22 00:00:00-04:00,1.5
DLTR,1998-06-30 00:00:00-04:00,1.5
DLTR,2000-06-20 00:00:00-04:00,1.5
DLTR,2010-06-25 00:00:00-04:00,1.5
DLTR,2012-06-27 00:00:00-04:00,2.0
D,1992-01-24 00:00:00-05:00,1.5
D,2007-11-20 00:00:00-05:00,2.0
DOV,1981-09-28 00:00:00-04:00,2.0
DOV,1988-09-26 00:00:00-04:00,2.0
DOV,1995-09-18 00:00:00-04:00,2.0
DOV,1997-12-16 00:00:00-05:00,2.0
DOV,2014-03-03 00:00:00-05:00,1.205
DOV,2018-05-09 00:00:00-04:00,1.238
DTE,1963-01-15 00:00:00-05:00,2.0
DTE,2021-07-01 00:00:00-04:00,1.175
DUK,1990-10-01 00:00:00-04:00,2.0
DUK,2001-01-29 00:00:00-05:00,2.0
DUK,2007-01-03 00:00:00-05:00,1.7208742040956806
DUK,2012-07-03 00:00:00-04:00,0.3333333333333333
DD,1973-05-10 00:00:00-04:00,2.0
DD,1976-06-08 00:00:00-04:00,2.0
DD,1989-11-21 00:00:00-05:00,1.5
DD,2000-06-19 00:00:00-04:00,3.0
DD,2019-04-02 00:00:00-04:00,1.487
DD,2019-06-03 00:00:00-04:00,0.4725
EMN,2011-10-04 00:00:00-04:00,2.0
ETN,1979-10-03 00:00:00-04:00,1.5
ETN,1988-09-20 00:00:00-04:00,1.5
ETN,1993-06-29 00:00:00-04:00,2.0
ETN,2001-01-02 00:00:00-05:00,1.1524720525527257
ETN,2004-02-24 00:00:00-05:00,2.0
ETN,2011-03-01 00:00:00-05:00,2.0
EBAY,1999-03-02 00:00:00-05:00,3.0
EBAY,2000-05-25 00:00:00-04:00,2.0
EBAY,2003-08-29 00:00:00-04:00,2.0
EBAY,2005-02-17 00:00:00-05:00,2.0
EBAY,2015-07-20 00:00:00-04:00,2.376
ECL,1986-07-16 00:00:00-04:00,2.0
ECL,1994-01-19 00:00:00-05:00,2.0
ECL,1998-01-16 00:00:00-05:00,2.0
ECL,2003-06-09 00:00:00-04:00,2.0
EIX,1984-08-13 00:00:00-04:00,2.0
EIX,1993-06-22 00:00:00-04:00,2.0
EW,2010-05-28 00:00:00-04:00,2.0
EW,2015-12-14 00:00:00-05:00,2.0
EW,2020-06-01 00:00:00-04:00,3.0
EA,1992-03-27 00:00:00-05:00,2.0
EA,1993-02-22 00:00:00-05:00,2.0
EA,2000-09-11 00:00:00-04:00,2.0
EA,2003-11-18 00:00:00-05:00,2.0
ELV,2005-06-01 00:00:00-04:00,2.0
LLY,1986-01-30 00:00:00-05:00,2.0
LLY,1989-05-01 00:00:00-04:00,2.0
LLY,1995-12-21 00:00:00-05:00,2.0
LLY,1997-10-16 00:00:00-04:00,2.0
EMR,1973-08-21 00:00:00-04:00,2.0
EMR,1987-09-11 00:00:00-04:00,3.0
EMR,1997-03-11 00:00:00-05:00,2.0
EMR,2006-12-12 00:00:00-05:00,2.0
EOG,1994-06-16 00:00:00-04:00,2.0
EOG,2005-03-02 00:00:00-05:00,2.0
EOG,2014-04-01 00:00:00-04:00,2.0
EQT,1981-04-07 00:00:00-05:00,1.5
EQT,1984-02-01 00:00:00-05:00,1.5
EQT,1987-04-01 00:00:00-05:00,1.5
EQT,1993-01-26 00:00:00-05:00,1.5
EQT,2001-06-12 00:00:00-04:00,2.0
EQT,2005-09-02 00:00:00-04:00,2.0
EQT,2018-11-13 00:00:00-05:00,1.837
EFX,1982-09-16 00:00:00-04:00,2.0
EFX,1985-03-21 00:00:00-05:00,1.5
EFX,1986-03-27 00:00:00-05:00,2.0
EFX,1989-12-19 00:00:00-05:00,2.0
EFX,1995-12-18 00:00:00-05:00,2.0
EQIX,2002-12-31 00:00:00-05:00,0.03125
EQR,2001-10-12 00:00:00-04:00,2.0
EL,1999-06-03 00:00:00-04:00,2.0
EL,2012-01-23 00:00:00-05:00,2.0
EVRG,1987-05-22 00:00:00-04:00,2.0
EXC,2004-05-06 00:00:00-04:00,2.0
EXC,2022-02-02 00:00:00-05:00,1.402
EXPE,2011-12-21 00:00:00-05:00,0.5
EXPD,1986-09-26 00:00:00-04:00,1.5
EXPD,1993-11-12 00:00:00-05:00,2.0
EXPD,1996-12-12 00:00:00-05:00,2.0
EXPD,1999-06-01 00:00:00-04:00,2.0
EXPD,2002-06-25 00:00:00-04:00,2.0
EXPD,2006-06-26 00:00:00-04:00,2.0
XOM,1976-07-26 00:00:00-04:00,2.0
XOM,1981-06-12 00:00:00-04:00,2.0
XOM,1987-09-15 00:00:00-04:00,2.0
XOM,1997-04-14 00:00:00-04:00,2.0
XOM,2001-07-19 00:00:00-04:00,2.0
FFIV,2007-08-21 00:00:00-04:00,2.0
FDS,1999-02-08 00:00:00-05:00,1.5
FDS,2000-02-07 00:00:00-05:00,2.0
FDS,2005-02-07 00:00:00-05:00,1.5
FICO,1995-06-27 00:00:00-04:00,2.0
FICO,2001-06-05 00:00:00-04:00,1.5
FICO,2002-06-06 00:00:00-04:00,1.5
FICO,2004-03-11 00:00:00-05:00,1.5
FAST,1988-09-19 00:00:00-04:00,1.5
FAST,1990-02-26 00:00:00-05:00,2.0
FAST,1992-03-31 00:00:00-05:00,2.0
FAST,1995-03-30 00:00:00-05:00,2.0
FAST,2002-05-13 00:00:00-04:00,2.0
FAST,2005-11-14 00:00:00-05:00,2.0
FAST,2011-05-23 00:00:00-04:00,2.0
FAST,2019-05-23 00:00:00-04:00,2.0
FRT,1982-09-01 00:00:00-04:00,2.0
FRT,1985-11-06 00:00:00-05:00,1.5
FDX,1978-09-26 00:00:00-04:00,2.0
FDX,1980-11-03 00:00:00-05:00,2.0
FDX,1983-11-01 00:00:00-05:00,2.0
FDX,1996-11-05 00:00:00-05:00,2.0
FDX,1999-05-07 00:00:00-04:00,2.0
FITB,1983-03-28 00:00:00-05:00,2.0
FITB,1985-04-01 00:00:00-05:00,1.5
FITB,1986-04-28 00:00:00-04:00,1.5
FITB,1987-10-16 00:00:00-04:00,1.5
FITB,1990-01-16 00:00:00-05:00,1.5
FITB,1992-04-16 00:00:00-04:00,1.5
FITB,1996-01-16 00:00:00-05:00,1.5
FITB,1997-07-16 00:00:00-04:00,1.5
FITB,1998-04-16 00:00:00-04:00,1.5
FITB,2000-07-17 00:00:00-04:00,1.5
FI,1991-07-02 00:00:00-04:00,1.5
FI,1992-06-01 00:00:00-04:00,1.5
FI,1993-05-03 00:00:00-04:00,1.5
FI,1998-06-01 00:00:00-04:00,1.5
FI,1999-05-03 00:00:00-04:00,1.5
FI,2001-09-04 00:00:00-04:00,1.5
FI,2013-12-17 00:00:00-05:00,2.0
FI,2018-03-20 00:00:00-04:00,2.0
FMC,1986-05-29 00:00:00-04:00,5.0
FMC,2007-09-14 00:00:00-04:00,2.0
FMC,2012-05-25 00:00:00-04:00,2.0
FMC,2019-03-04 00:00:00-05:00,1.153
F,1977-06-27 00:00:00-04:00,1.25
F,1983-12-02 00:00:00-05:00,1.5
F,1986-06-03 00:00:00-04:00,1.5
F,1988-01-13 00:00:00-05:00,2.0
F,1994-07-06 00:00:00-04:00,2.0
F,1998-04-08 00:00:00-04:00,1.505797319680771
F,2000-06-29 00:00:00-04:00,1.0409076714895389
F,2000-08-03 00:00:00-04:00,1.748175
FTNT,2011-06-02 00:00:00-04:00,2.0
FTNT,2022-06-23 00:00:00-04:00,5.0
FTV,2020-10-09 00:00:00-04:00,1.195
BEN,1984-04-13 00:00:00-05:00,1.25
BEN,1985-04-02 00:00:00-05:00,2.0
BEN,1986-01-23 00:00:00-05:00,2.0
BEN,1986-10-27 00:00:00-05:00,1.5
BEN,1987-07-15 00:00:00-04:00,1.25
BEN,1990-01-16 00:00:00-05:00,1.5
BEN,1992-04-15 00:00:00-04:00,2.0
BEN,1997-01-15 00:00:00-05:00,1.5
BEN,1998-01-16 00:00:00-05:00,2.0
BEN,2013-07-26 00:00:00-04:00,3.0
FCX,2011-02-02 00:00:00-05:00,2.0
GRMN,2006-08-16 00:00:00-04:00,2.0
IT,1994-08-29 00:00:00-04:00,2.0
IT,1995-06-29 00:00:00-04:00,2.0
IT,1996-04-01 00:00:00-05:00,2.0
GEN,1991-10-28 00:00:00-05:00,2.0
GEN,2002-02-01 00:00:00-05:00,2.0
GEN,2003-11-20 00:00:00-05:00,2.0
GEN,2004-12-01 00:00:00-05:00,2.0
GD,1979-02-20 00:00:00-05:00,2.5
GD,1980-11-17 00:00:00-05:00,2.0
GD,1994-04-11 00:00:00-04:00,2.0
GD,1998-04-03 00:00:00-05:00,2.0
GD,2006-03-27 00:00:00-05:00,2.0
GE,1971-06-08 00:00:00-04:00,2.0
GE,1983-06-02 00:00:00-04:00,2.0
GE,1987-05-26 00:00:00-04:00,2.0
GE,1994-05-16 00:00:00-04:00,2.0
GE,1997-05-12 00:00:00-04:00,2.0
GE,2000-05-08 00:00:00-04:00,3.0
GE,2019-02-26 00:00:00-05:00,1.04
GE,2021-08-02 00:00:00-04:00,0.125
GE,2023-01-04 00:00:00-05:00,1.281
GIS,1986-11-10 00:00:00-05:00,2.0
GIS,1990-11-08 00:00:00-05:00,2.0
GIS,1995-05-30 00:00:00-04:00,1.2099213551119177
GIS,1999-11-09 00:00:00-05:00,2.0
GIS,2010-06-09 00:00:00-04:00,2.0
GPC,1984-04-10 00:00:00-05:00,1.5
GPC,1987-05-28 00:00:00-04:00,1.5
GPC,1992-04-20 00:00:00-04:00,1.5
GPC,1997-04-15 00:00:00-04:00,1.5
GILD,2001-02-22 00:00:00-05:00,2.0
GILD,2002-03-08 00:00:00-05:00,2.0
GILD,2004-09-07 00:00:00-04:00,2.0
GILD,2007-06-25 00:00:00-04:00,2.0
GILD,2013-01-28 00:00:00-05:00,2.0
GL,1992-08-20 00:00:00-04:00,1.5
GL,1997-08-04 00:00:00-04:00,2.0
GL,2011-07-05 00:00:00-04:00,1.5
GL,2014-07-02 00:00:00-04:00,1.5
GPN,2005-10-31 00:00:00-05:00,2.0
GPN,2015-11-03 00:00:00-05:00,2.0
HAL,1976-04-30 00:00:00-04:00,3.0
HAL,1980-12-26 00:00:00-05:00,2.0
HAL,1996-01-24 00:00:00-05:00,1.0493069327709048
HAL,1997-07-22 00:00:00-04:00,2.0
HAL,2006-07-17 00:00:00-04:00,2.0
HIG,1998-07-16 00:00:00-04:00,2.0
HAS,1982-08-20 00:00:00-04:00,1.5
HAS,1983-02-23 00:00:00-05:00,1.5
HAS,1983-08-22 00:00:00-04:00,1.5
HAS,1985-01-28 00:00:00-05:00,2.5
HAS,1986-08-15 00:00:00-04:00,2.0
HAS,1992-03-17 00:00:00-05:00,1.5
HAS,1997-03-24 00:00:00-05:00,1.5
HAS,1999-03-16 00:00:00-05:00,1.5
PEAK,1992-05-21 00:00:00-04:00,2.0
PEAK,2004-03-02 00:00:00-05:00,2.0
PEAK,2016-11-01 00:00:00-04:00,1.098
HSIC,2005-03-01 00:00:00-05:00,2.0
HSIC,2017-09-15 00:00:00-04:00,2.0
HSIC,2019-02-08 00:00:00-05:00,1.275
HSY,1983-09-16 00:00:00-04:00,2.0
HSY,1986-09-16 00:00:00-04:00,3.0
HSY,1996-09-16 00:00:00-04:00,2.0
HSY,2004-06-16 00:00:00-04:00,2.0
HES,1980-08-29 00:00:00-04:00,2.0
HES,2006-06-01 00:00:00-04:00,3.0
HPE,2017-04-03 00:00:00-04:00,1.3348
HPE,2017-09-01 00:00:00-04:00,1.289
HLT,2017-01-04 00:00:00-05:00,0.4873294346978557
HOLX,1996-03-26 00:00:00-05:00,2.0
HOLX,2005-12-01 00:00:00-05:00,2.0
HOLX,2008-04-03 00:00:00-04:00,2.0
HD,1982-01-20 00:00:00-05:00,1.5
HD,1982-05-11 00:00:00-04:00,1.25
HD,1982-12-08 00:00:00-05:00,2.0
HD,1983-06-09 00:00:00-04:00,2.0
HD,1987-09-22 00:00:00-04:00,1.5
HD,1989-07-03 00:00:00-04:00,1.5
HD,1990-07-06 00:00:00-04:00,1.5
HD,1991-06-26 00:00:00-04:00,1.5
HD,1992-07-02 00:00:00-04:00,1.5
HD,1993-04-14 00:00:00-04:00,1.3333333333333333
HD,1997-07-07 00:00:00-04:00,1.5
HD,1998-07-06 00:00:00-04:00,2.0
HD,1999-12-31 00:00:00-05:00,1.5
HON,1965-02-04 00:00:00-05:00,1.02
HON,1966-02-03 00:00:00-05:00,1.02
HON,1967-02-03 00:00:00-05:00,1.02
HON,1984-05-30 00:00:00-04:00,1.5
HON,1994-03-15 00:00:00-05:00,2.0
HON,1997-09-16 00:00:00-04:00,2.0
HON,2016-10-03 00:00:00-04:00,1.0053282396702523
HON,2018-10-01 00:00:00-04:00,1.011
HON,2018-10-29 00:00:00-04:00,1.032
HRL,1985-09-04 00:00:00-04:00,2.0
HRL,1987-06-02 00:00:00-04:00,2.0
HRL,1990-02-21 00:00:00-05:00,2.0
HRL,2000-02-16 00:00:00-05:00,2.0
HRL,2011-02-15 00:00:00-05:00,2.0
HRL,2016-02-10 00:00:00-05:00,2.0
HST,1986-06-23 00:00:00-04:00,5.0
HST,1996-01-02 00:00:00-05:00,1.122334455667789
HST,2009-11-04 00:00:00-05:00,1.0215
HPQ,1970-03-20 00:00:00-05:00,2.0
HPQ,1979-07-31 00:00:00-04:00,2.0
HPQ,1981-07-20 00:00:00-04:00,2.0
HPQ,1983-08-26 00:00:00-04:00,2.0
HPQ,1995-04-17 00:00:00-04:00,2.0
HPQ,1996-07-16 00:00:00-04:00,2.0
HPQ,2000-10-30 00:00:00-05:00,2.0
HPQ,2015-11-02 00:00:00-05:00,2.202
HUBB,1977-08-08 00:00:00-04:00,1.3333333333333333
HUBB,1981-02-11 00:00:00-05:00,2.0
HUBB,1985-08-12 00:00:00-04:00,2.0
HUBB,1989-01-09 00:00:00-05:00,1.05
HUBB,1990-01-08 00:00:00-05:00,1.05
HUBB,1991-01-07 00:00:00-05:00,1.05
HUBB,1992-01-06 00:00:00-05:00,1.05
HUBB,1995-01-09 00:00:00-05:00,1.05
HUBB,1996-08-12 00:00:00-04:00,2.0
HUM,1982-02-01 00:00:00-05:00,1.5
HUM,1983-02-01 00:00:00-05:00,1.3333333333333333
HUM,1984-02-01 00:00:00-05:00,1.2
HUM,1991-08-01 00:00:00-04:00,1.5
HBAN,1981-08-25 00:00:00-04:00,1.5
HBAN,1985-08-01 00:00:00-04:00,2.0
HBAN,1987-07-06 00:00:00-04:00,1.1
HBAN,1988-08-01 00:00:00-04:00,1.25
HBAN,1989-07-03 00:00:00-04:00,1.15
HBAN,1990-07-03 00:00:00-04:00,1.1
HBAN,1992-08-03 00:00:00-04:00,1.25
HBAN,1994-08-01 00:00:00-04:00,1.25
HBAN,1996-07-12 00:00:00-04:00,1.1
HBAN,1997-07-11 00:00:00-04:00,1.1
HBAN,1998-07-13 00:00:00-04:00,1.1
HBAN,1999-07-12 00:00:00-04:00,1.1
HBAN,2000-07-12 00:00:00-04:00,1.1
IBM,1964-05-18 00:00:00-04:00,1.25
IBM,1966-05-18 00:00:00-04:00,1.5
IBM,1968-04-23 00:00:00-05:00,2.0
IBM,1973-05-29 00:00:00-04:00,1.25
IBM,1979-06-01 00:00:00-04:00,4.0
IBM,1997-05-28 00:00:00-04:00,2.0
IBM,1999-05-27 00:00:00-04:00,2.0
IBM,2021-11-04 00:00:00-04:00,1.046
IEX,1995-02-01 00:00:00-05:00,1.5
IEX,1997-02-03 00:00:00-05:00,1.5
IEX,2004-06-01 00:00:00-04:00,1.5
IEX,2007-05-22 00:00:00-04:00,1.5
IDXX,1993-10-04 00:00:00-04:00,2.0
IDXX,1995-06-06 00:00:00-04:00,2.0
IDXX,2007-11-27 00:00:00-05:00,2.0
IDXX,2015-06-16 00:00:00-04:00,2.0
ITW,1984-05-23 00:00:00-04:00,2.0
ITW,1987-05-27 00:00:00-04:00,2.0
ITW,1993-06-21 00:00:00-04:00,2.0
ITW,1997-05-28 00:00:00-04:00,2.0
ITW,2006-05-26 00:00:00-04:00,2.0
ILMN,2008-09-23 00:00:00-04:00,2.0
INCY,1997-11-10 00:00:00-05:00,2.0
INCY,2000-09-01 00:00:00-04:00,2.0
INTC,1980-10-09 00:00:00-04:00,2.0
INTC,1983-07-01 00:00:00-04:00,2.0
INTC,1987-10-29 00:00:00-05:00,1.5
INTC,1993-06-07 00:00:00-04:00,2.0
INTC,1995-06-19 00:00:00-04:00,2.0
INTC,1997-07-14 00:00:00-04:00,2.0
INTC,1999-04-12 00:00:00-04:00,2.0
INTC,2000-07-31 00:00:00-04:00,2.0
ICE,2016-11-04 00:00:00-04:00,5.0
IFF,1974-12-17 00:00:00-05:00,1.02
IFF,1994-01-20 00:00:00-05:00,3.0
IP,1962-11-19 00:00:00-05:00,1.02
IP,1987-05-20 00:00:00-04:00,2.0
IP,1995-09-18 00:00:00-04:00,2.0
IP,2014-07-02 00:00:00-04:00,1.014
IP,2021-10-01 00:00:00-04:00,1.056
IPG,1984-02-15 00:00:00-05:00,2.0
IPG,1986-06-24 00:00:00-04:00,2.0
IPG,1989-06-16 00:00:00-04:00,1.5
IPG,1992-06-16 00:00:00-04:00,2.0
IPG,1997-07-16 00:00:00-04:00,1.5
IPG,1999-07-16 00:00:00-04:00,2.0
INTU,1995-08-22 00:00:00-04:00,2.0
INTU,1999-10-01 00:00:00-04:00,3.0
INTU,2006-07-07 00:00:00-04:00,2.0
ISRG,2003-07-01 00:00:00-04:00,0.5
ISRG,2017-10-06 00:00:00-04:00,3.0
ISRG,2021-10-05 00:00:00-04:00,3.0
IVZ,1998-04-27 00:00:00-04:00,2.0
IVZ,2000-11-08 00:00:00-05:00,2.5
IRM,1998-08-03 00:00:00-04:00,1.5
IRM,2002-01-02 00:00:00-05:00,1.5
IRM,2004-07-01 00:00:00-04:00,1.5
IRM,2007-01-03 00:00:00-05:00,1.5
IRM,2014-09-26 00:00:00-04:00,1.082
JBHT,1986-07-08 00:00:00-04:00,2.0
JBHT,1992-03-16 00:00:00-05:00,1.5
JBHT,2003-09-02 00:00:00-04:00,2.0
JBHT,2005-05-24 00:00:00-04:00,2.0
JKHY,1992-03-04 00:00:00-05:00,1.5
JKHY,1993-03-09 00:00:00-05:00,1.5
JKHY,1994-03-11 00:00:00-05:00,1.3333333333333333
JKHY,1997-03-14 00:00:00-05:00,1.5
JKHY,2000-03-03 00:00:00-05:00,2.0
JKHY,2001-03-05 00:00:00-05:00,2.0
J,1981-03-17 00:00:00-05:00,1.5
J,1990-04-03 00:00:00-04:00,2.0
J,1991-05-29 00:00:00-04:00,2.0
J,2002-04-02 00:00:00-05:00,2.0
J,2007-03-16 00:00:00-04:00,2.0
JNJ,1967-06-19 00:00:00-04:00,3.0
JNJ,1970-05-18 00:00:00-04:00,3.0
JNJ,1981-05-19 00:00:00-04:00,3.0
JNJ,1989-05-11 00:00:00-04:00,2.0
JNJ,1992-06-10 00:00:00-04:00,2.0
JNJ,1996-06-12 00:00:00-04:00,2.0
JNJ,2001-06-13 00:00:00-04:00,2.0
JCI,1987-09-28 00:00:00-04:00,2.0
JCI,1995-11-15 00:00:00-05:00,2.0
JCI,1997-10-23 00:00:00-04:00,2.0
JCI,1999-10-22 00:00:00-04:00,2.0
JCI,2007-07-02 00:00:00-04:00,0.25
JCI,2012-10-01 00:00:00-04:00,2.011667672500503
JCI,2016-09-06 00:00:00-04:00,0.955
JPM,1982-04-16 00:00:00-05:00,1.5
JPM,1984-04-16 00:00:00-05:00,1.5
JPM,1998-06-15 00:00:00-04:00,2.0
JPM,2000-06-12 00:00:00-04:00,1.5
JNPR,2000-01-18 00:00:00-05:00,3.0
JNPR,2000-06-16 00:00:00-04:00,2.0
K,1973-04-30 00:00:00-04:00,2.0
K,1986-01-28 00:00:00-05:00,2.0
K,1991-12-17 00:00:00-05:00,2.0
K,1997-08-25 00:00:00-04:00,2.0
K,2023-10-02 00:00:00-04:00,1.065
KEY,1992-04-15 00:00:00-04:00,1.5
KEY,1994-03-02 00:00:00-05:00,1.205
KEY,1998-03-09 00:00:00-05:00,2.0
KMB,1984-05-25 00:00:00-04:00,2.0
KMB,1987-05-26 00:00:00-04:00,2.0
KMB,1992-01-03 00:00:00-05:00,2.0
KMB,1997-04-03 00:00:00-05:00,2.0
KMB,2014-11-03 00:00:00-05:00,1.043
KIM,1995-12-22 00:00:00-05:00,1.5
KIM,2001-12-24 00:00:00-05:00,1.5
KIM,2005-08-24 00:00:00-04:00,2.0
KLAC,1983-01-10 00:00:00-05:00,2.0
KLAC,1983-12-09 00:00:00-05:00,2.0
KLAC,1984-12-17 00:00:00-05:00,1.5
KLAC,1995-10-02 00:00:00-04:00,2.0
KLAC,2000-01-19 00:00:00-05:00,2.0
KR,1979-05-29 00:00:00-04:00,2.0
KR,1986-10-01 00:00:00-04:00,2.0
KR,1997-04-23 00:00:00-04:00,2.0
KR,1999-06-29 00:00:00-04:00,2.0
KR,2015-07-14 00:00:00-04:00,2.0
LHX,1997-09-29 00:00:00-04:00,2.0
LHX,2005-03-31 00:00:00-05:00,2.0
LHX,2009-05-11 00:00:00-04:00,1.058425063505504
LH,2000-05-04 00:00:00-04:00,0.1
LH,2001-06-12 00:00:00-04:00,2.0
LH,2002-05-13 00:00:00-04:00,2.0
LH,2023-07-03 00:00:00-04:00,1.164
LRCX,1993-09-16 00:00:00-04:00,1.5
LRCX,2000-03-17 00:00:00-05:00,3.0
LDOS,2013-09-30 00:00:00-04:00,0.405
LEN,1980-10-31 00:00:00-05:00,2.0
LEN,1992-02-26 00:00:00-05:00,2.0
LEN,1994-04-21 00:00:00-04:00,1.5
LEN,2004-01-21 00:00:00-05:00,2.0
LEN,2017-11-09 00:00:00-05:00,1.017
LIN,2003-12-16 00:00:00-05:00,2.0
LKQ,2006-01-17 00:00:00-05:00,2.0
LKQ,2007-12-04 00:00:00-05:00,2.0
LKQ,2012-09-19 00:00:00-04:00,2.0
LMT,1983-09-09 00:00:00-04:00,3.0
LMT,1995-03-16 00:00:00-05:00,1.63
LMT,1999-01-04 00:00:00-05:00,2.0
L,1984-04-17 00:00:00-05:00,2.5
L,1985-03-04 00:00:00-05:00,3.0
L,1995-12-04 00:00:00-05:00,2.0
L,2001-03-21 00:00:00-05:00,2.0
L,2006-05-09 00:00:00-04:00,3.0
LOW,1992-06-29 00:00:00-04:00,2.0
LOW,1994-04-04 00:00:00-04:00,2.0
LOW,1998-06-29 00:00:00-04:00,2.0
LOW,2001-07-02 00:00:00-04:00,2.0
LOW,2006-07-03 00:00:00-04:00,2.0
LULU,2011-07-12 00:00:00-04:00,2.0
MTB,1987-09-25 00:00:00-04:00,2.0
MTB,2000-10-06 00:00:00-04:00,10.0
MRO,1962-05-15 00:00:00-04:00,1.02
MRO,1963-05-14 00:00:00-04:00,1.02
MRO,1968-01-29 00:00:00-05:00,2.0
MRO,1976-06-02 00:00:00-04:00,1.5
MRO,1991-05-07 00:00:00-04:00,1.2
MRO,2007-06-19 00:00:00-04:00,2.0
MRO,2011-07-01 00:00:00-04:00,1.6764459346186085
MPC,2015-06-11 00:00:00-04:00,2.0
MAR,2006-06-12 00:00:00-04:00,2.0
MAR,2009-06-23 00:00:00-04:00,1.004
MAR,2009-08-18 00:00:00-04:00,1.004
MAR,2009-11-17 00:00:00-05:00,1.003
MAR,2011-11-22 00:00:00-05:00,1.061
MMC,1986-05-15 00:00:00-04:00,2.0
MMC,1997-06-30 00:00:00-04:00,2.0
MMC,1998-06-29 00:00:00-04:00,1.5
MMC,2002-07-01 00:00:00-04:00,2.0
MAS,1982-12-30 00:00:00-05:00,2.0
MAS,1986-05-20 00:00:00-04:00,2.0
MAS,1998-07-13 00:00:00-04:00,2.0
MAS,2015-07-01 00:00:00-04:00,1.138
MA,2014-01-22 00:00:00-05:00,10.0
MTCH,1998-03-27 00:00:00-05:00,2.0
MTCH,2000-02-25 00:00:00-05:00,2.0
MTCH,2005-08-09 00:00:00-04:00,0.9
MTCH,2008-08-21 00:00:00-04:00,1.146
MTCH,2020-07-01 00:00:00-04:00,3.502
MKC,1977-03-22 00:00:00-05:00,2.0
MKC,1988-04-28 00:00:00-04:00,2.0
MKC,1990-01-22 00:00:00-05:00,2.0
MKC,1992-01-21 00:00:00-05:00,2.0
MKC,2002-04-09 00:00:00-04:00,2.0
MKC,2020-12-01 00:00:00-05:00,2.0
MCD,1971-06-14 00:00:00-04:00,1.5
MCD,1972-06-06 00:00:00-04:00,2.0
MCD,1982-10-07 00:00:00-04:00,1.5
MCD,1984-09-25 00:00:00-04:00,1.5
MCD,1986-06-26 00:00:00-04:00,1.5
MCD,1987-06-23 00:00:00-04:00,1.5
MCD,1989-06-19 00:00:00-04:00,2.0
MCD,1994-06-27 00:00:00-04:00,2.0
MCD,1999-03-08 00:00:00-05:00,2.0
MCK,1998-01-05 00:00:00-05:00,2.0
MDT,1980-08-01 00:00:00-04:00,2.0
MDT,1989-08-31 00:00:00-04:00,2.0
MDT,1991-08-30 00:00:00-04:00,2.0
MDT,1994-09-30 00:00:00-04:00,2.0
MDT,1995-09-29 00:00:00-04:00,2.0
MDT,1997-09-15 00:00:00-04:00,2.0
MDT,1999-09-27 00:00:00-04:00,2.0
MRK,1964-05-27 00:00:00-04:00,3.0
MRK,1972-06-01 00:00:00-04:00,2.0
MRK,1986-05-27 00:00:00-04:00,2.0
MRK,1988-05-26 00:00:00-04:00,3.0
MRK,1992-05-26 00:00:00-04:00,3.0
MRK,1999-02-17 00:00:00-05:00,2.0
MRK,2021-06-03 00:00:00-04:00,1.048
MET,2017-08-07 00:00:00-04:00,1.122
MGM,2000-02-28 00:00:00-05:00,2.0
MGM,2005-05-19 00:00:00-04:00,2.0
MCHP,1993-09-14 00:00:00-04:00,2.0
MCHP,1994-04-05 00:00:00-04:00,1.5
MCHP,1994-11-09 00:00:00-05:00,1.5
MCHP,1997-01-07 00:00:00-05:00,1.5
MCHP,2000-02-08 00:00:00-05:00,1.5
MCHP,2000-09-27 00:00:00-04:00,1.5
MCHP,2002-05-09 00:00:00-04:00,1.5
MCHP,2021-10-13 00:00:00-04:00,2.0
MU,1994-04-19 00:00:00-04:00,2.5
MU,1995-05-23 00:00:00-04:00,2.0
MU,2000-05-02 00:00:00-04:00,2.0
MSFT,1987-09-21 00:00:00-04:00,2.0
MSFT,1990-04-16 00:00:00-04:00,2.0
MSFT,1991-06-27 00:00:00-04:00,1.5
MSFT,1992-06-15 00:00:00-04:00,1.5
MSFT,1994-05-23 00:00:00-04:00,2.0
MSFT,1996-12-09 00:00:00-05:00,2.0
MSFT,1998-02-23 00:00:00-05:00,2.0
MSFT,1999-03-29 00:00:00-05:00,2.0
MSFT,2003-02-18 00:00:00-05:00,2.0
MHK,1993-08-25 00:00:00-04:00,1.5
MHK,1997-12-05 00:00:00-05:00,1.5
MOH,2011-05-23 00:00:00-04:00,1.5
TAP,2007-10-04 00:00:00-04:00,2.0
MNST,1988-02-29 00:00:00-05:00,0.02
MNST,2005-08-09 00:00:00-04:00,2.0
MNST,2006-07-10 00:00:00-04:00,4.0
MNST,2012-02-16 00:00:00-05:00,2.0
MNST,2016-11-10 00:00:00-05:00,3.0
MNST,2023-03-28 00:00:00-04:00,2.0
MCO,2005-05-19 00:00:00-04:00,2.0
MS,1997-01-15 00:00:00-05:00,2.0
MS,2000-01-27 00:00:00-05:00,2.0
MOS,1995-12-01 00:00:00-05:00,2.0
MSI,1965-05-26 00:00:00-04:00,1.5
MSI,1970-05-26 00:00:00-04:00,2.0
MSI,1973-06-04 00:00:00-04:00,2.0
MSI,1984-06-04 00:00:00-04:00,3.0
MSI,1993-01-19 00:00:00-05:00,2.0
MSI,1994-04-19 00:00:00-04:00,2.0
MSI,2000-06-02 00:00:00-04:00,3.0
MSI,2004-12-03 00:00:00-05:00,1.1173184357541899
MSI,2011-01-04 00:00:00-05:00,0.24737167594310452
NDAQ,2022-08-29 00:00:00-04:00,3.0
NTAP,1997-12-19 00:00:00-05:00,2.0
NTAP,1998-12-22 00:00:00-05:00,2.0
NTAP,1999-12-21 00:00:00-05:00,2.0
NTAP,2000-03-23 00:00:00-05:00,2.0
NFLX,2004-02-12 00:00:00-05:00,2.0
NFLX,2015-07-15 00:00:00-04:00,7.0
NEM,1987-06-11 00:00:00-04:00,2.0
NEM,1987-10-09 00:00:00-04:00,1.5
NEM,1994-04-22 00:00:00-04:00,1.25
NEE,1985-01-31 00:00:00-05:00,2.0
NEE,2005-03-16 00:00:00-05:00,2.0
NEE,2020-10-27 00:00:00-04:00,4.0
NKE,1990-10-08 00:00:00-04:00,2.0
NKE,1995-10-31 00:00:00-05:00,2.0
NKE,1996-10-24 00:00:00-04:00,2.0
NKE,2007-04-03 00:00:00-04:00,2.0
NKE,2012-12-26 00:00:00-05:00,2.0
NKE,2015-12-24 00:00:00-05:00,2.0
NI,1998-02-23 00:00:00-05:00,2.0
NI,2015-07-02 00:00:00-04:00,2.545
NDSN,1984-01-04 00:00:00-05:00,1.5
NDSN,1987-05-01 00:00:00-04:00,1.5
NDSN,1991-09-25 00:00:00-04:00,2.0
NDSN,2000-09-13 00:00:00-04:00,2.0
NDSN,2011-04-13 00:00:00-04:00,2.0
NSC,1987-04-07 00:00:00-04:00,3.0
NSC,1997-10-10 00:00:00-04:00,3.0
NTRS,1986-05-01 00:00:00-04:00,3.0
NTRS,1990-05-01 00:00:00-04:00,2.0
NTRS,1992-12-10 00:00:00-05:00,1.5
NTRS,1996-12-10 00:00:00-05:00,2.0
NTRS,1999-12-10 00:00:00-05:00,2.0
NOC,1984-09-11 00:00:00-04:00,3.0
NOC,2004-06-22 00:00:00-04:00,2.0
NOC,2011-03-31 00:00:00-04:00,1.1068068622025458
NRG,2007-06-01 00:00:00-04:00,2.0
NUE,1983-09-21 00:00:00-04:00,2.0
NUE,1986-06-18 00:00:00-04:00,1.5
NUE,1992-06-22 00:00:00-04:00,2.0
NUE,1993-09-20 00:00:00-04:00,2.0
NUE,2004-10-18 00:00:00-04:00,2.0
NUE,2006-06-01 00:00:00-04:00,2.0
NVDA,2000-06-27 00:00:00-04:00,2.0
NVDA,2001-09-10 00:00:00-04:00,2.0
NVDA,2006-04-07 00:00:00-04:00,2.0
NVDA,2007-09-11 00:00:00-04:00,1.5
NVDA,2021-07-20 00:00:00-04:00,4.0
ORLY,1997-09-02 00:00:00-04:00,2.0
ORLY,1999-12-01 00:00:00-05:00,2.0
ORLY,2005-06-16 00:00:00-04:00,2.0
OXY,2006-08-16 00:00:00-04:00,2.0
OXY,2014-12-01 00:00:00-05:00,1.042
OXY,2016-02-25 00:00:00-05:00,1.0017028949213662
ODFL,2003-06-17 00:00:00-04:00,1.5
ODFL,2004-05-21 00:00:00-04:00,1.5
ODFL,2005-12-01 00:00:00-05:00,1.5
ODFL,2010-08-24 00:00:00-04:00,1.5
ODFL,2012-09-10 00:00:00-04:00,1.5
ODFL,2020-03-25 00:00:00-04:00,1.5
OMC,1981-01-16 00:00:00-05:00,2.0
OMC,1995-12-28 00:00:00-05:00,2.0
OMC,1997-12-30 00:00:00-05:00,2.0
OMC,2007-06-26 00:00:00-04:00,2.0
OKE,1990-03-01 00:00:00-05:00,2.0
OKE,2001-06-12 00:00:00-04:00,2.0
OKE,2012-06-04 00:00:00-04:00,2.0
OKE,2014-02-03 00:00:00-05:00,1.1422
ORCL,1987-03-25 00:00:00-05:00,2.0
ORCL,1987-12-21 00:00:00-05:00,2.0
ORCL,1989-07-03 00:00:00-04:00,2.0
ORCL,1993-11-09 00:00:00-05:00,2.0
ORCL,1995-02-23 00:00:00-05:00,1.5
ORCL,1996-04-17 00:00:00-04:00,1.5
ORCL,1997-08-18 00:00:00-04:00,1.5
ORCL,1999-03-01 00:00:00-05:00,1.5
ORCL,2000-01-19 00:00:00-05:00,2.0
ORCL,2000-10-13 00:00:00-04:00,2.0
PCAR,1982-01-11 00:00:00-05:00,1.1
PCAR,1983-12-28 00:00:00-05:00,2.0
PCAR,1988-08-01 00:00:00-04:00,2.0
PCAR,1997-05-22 00:00:00-04:00,2.0
PCAR,2002-05-29 00:00:00-04:00,1.5
PCAR,2004-02-06 00:00:00-05:00,1.5
PCAR,2006-08-11 00:00:00-04:00,1.5
PCAR,2007-10-10 00:00:00-04:00,1.5
PCAR,2023-02-08 00:00:00-05:00,1.5
PANW,2022-09-14 00:00:00-04:00,3.0
PH,1986-06-09 00:00:00-04:00,1.5
PH,1995-06-02 00:00:00-04:00,1.5
PH,1997-09-08 00:00:00-04:00,1.5
PH,2007-10-02 00:00:00-04:00,1.5
PAYX,1986-06-13 00:00:00-04:00,1.5
PAYX,1987-11-16 00:00:00-05:00,1.5
PAYX,1992-05-21 00:00:00-04:00,1.5
PAYX,1993-08-27 00:00:00-04:00,1.5
PAYX,1995-05-26 00:00:00-04:00,1.5
PAYX,1996-05-24 00:00:00-04:00,1.5
PAYX,1997-05-30 00:00:00-04:00,1.5
PAYX,1998-05-26 00:00:00-04:00,1.5
PAYX,1999-05-24 00:00:00-04:00,1.5
PAYX,2000-05-23 00:00:00-04:00,1.5
PNR,1993-06-14 00:00:00-04:00,1.5
PNR,1996-02-20 00:00:00-05:00,2.0
PNR,2004-06-09 00:00:00-04:00,2.0
PNR,2018-05-01 00:00:00-04:00,1.489
PEP,1977-05-31 00:00:00-04:00,3.0
PEP,1986-05-29 00:00:00-04:00,3.0
PEP,1990-09-05 00:00:00-04:00,3.0
PEP,1996-05-29 00:00:00-04:00,2.0
PFE,1983-07-01 00:00:00-04:00,2.0
PFE,1991-04-01 00:00:00-05:00,2.0
PFE,1995-07-03 00:00:00-04:00,2.0
PFE,1997-07-01 00:00:00-04:00,2.0
PFE,1999-07-01 00:00:00-04:00,3.0
PFE,2020-11-17 00:00:00-05:00,1.054
PCG,1983-07-18 00:00:00-04:00,2.0
PNC,1982-05-21 00:00:00-04:00,2.0
PNC,1985-07-02 00:00:00-04:00,2.0
PNC,1992-11-16 00:00:00-05:00,2.0
POOL,1997-09-30 00:00:00-04:00,1.5
POOL,1998-07-27 00:00:00-04:00,1.5
POOL,2000-06-20 00:00:00-04:00,1.5
POOL,2001-09-10 00:00:00-04:00,1.5
POOL,2003-09-15 00:00:00-04:00,1.5
POOL,2004-09-13 00:00:00-04:00,1.5
PPG,1983-09-13 00:00:00-04:00,2.0
PPG,1987-03-13 00:00:00-05:00,2.0
PPG,1994-06-13 00:00:00-04:00,2.0
PPG,2015-06-15 00:00:00-04:00,2.0
PPL,1992-05-12 00:00:00-04:00,2.0
PPL,2005-08-25 00:00:00-04:00,2.0
PPL,2015-06-02 00:00:00-04:00,1.0736525660296328
PG,1970-05-19 00:00:00-04:00,2.0
PG,1983-02-22 00:00:00-05:00,2.0
PG,1989-11-20 00:00:00-05:00,2.0
PG,1992-06-15 00:00:00-04:00,2.0
PG,1997-09-22 00:00:00-04:00,2.0
PG,2004-06-21 00:00:00-04:00,2.0
PGR,1980-09-23 00:00:00-04:00,1.5
PGR,1981-06-08 00:00:00-04:00,1.5
PGR,1983-05-16 00:00:00-04:00,1.5
PGR,1985-05-28 00:00:00-04:00,1.5
PGR,1986-05-27 00:00:00-04:00,2.25
PGR,1992-12-09 00:00:00-05:00,3.0
PGR,2002-04-23 00:00:00-04:00,3.0
PGR,2006-05-19 00:00:00-04:00,4.0
PEG,1987-07-27 00:00:00-04:00,1.5
PEG,2008-02-05 00:00:00-05:00,2.0
PTC,1991-06-28 00:00:00-04:00,1.5
PTC,1992-02-26 00:00:00-05:00,2.0
PTC,1993-02-26 00:00:00-05:00,2.0
PTC,1996-03-01 00:00:00-05:00,2.0
PTC,1998-03-09 00:00:00-05:00,2.0
PTC,2006-02-28 00:00:00-05:00,0.4
PHM,1980-09-08 00:00:00-04:00,2.0
PHM,1982-12-16 00:00:00-05:00,2.0
PHM,1983-05-31 00:00:00-04:00,2.0
PHM,1998-06-02 00:00:00-04:00,2.0
PHM,2004-01-05 00:00:00-05:00,2.0
PHM,2005-09-02 00:00:00-04:00,2.0
PWR,2000-04-10 00:00:00-04:00,1.5
QCOM,1994-02-24 00:00:00-05:00,2.0
QCOM,1999-05-11 00:00:00-04:00,2.0
QCOM,1999-12-31 00:00:00-05:00,4.0
QCOM,2004-08-16 00:00:00-04:00,2.0
DGX,2001-06-01 00:00:00-04:00,2.0
DGX,2005-06-21 00:00:00-04:00,2.0
RJF,1991-04-22 00:00:00-04:00,1.5
RJF,1992-02-04 00:00:00-05:00,1.5
RJF,1993-11-16 00:00:00-05:00,1.5
RJF,1997-04-04 00:00:00-05:00,1.5
RJF,1998-04-03 00:00:00-05:00,1.5
RJF,2004-03-25 00:00:00-05:00,1.5
RJF,2006-03-23 00:00:00-05:00,1.5
RJF,2021-09-22 00:00:00-04:00,1.5
RTX,1965-11-01 00:00:00-05:00,1.5
RTX,1976-05-19 00:00:00-04:00,2.0
RTX,1984-06-11 00:00:00-04:00,2.0
RTX,1996-12-11 00:00:00-05:00,2.0
RTX,1999-05-18 00:00:00-04:00,2.0
RTX,2005-06-13 00:00:00-04:00,2.0
RTX,2020-04-03 00:00:00-04:00,1.589
O,2005-01-03 00:00:00-05:00,2.0
O,2021-11-15 00:00:00-05:00,1.032
RF,1984-06-04 00:00:00-04:00,2.0
RF,1986-06-02 00:00:00-04:00,2.0
RF,1993-03-01 00:00:00-05:00,1.1
RF,1997-06-16 00:00:00-04:00,2.0
RF,2004-07-01 00:00:00-04:00,1.2346
RSG,2007-03-19 00:00:00-04:00,1.5
RMD,1998-11-17 00:00:00-05:00,2.0
RMD,2000-04-03 00:00:00-04:00,2.0
RMD,2005-10-03 00:00:00-04:00,2.0
RMD,2010-08-31 00:00:00-04:00,2.0
RVTY,1980-02-04 00:00:00-05:00,2.0
RVTY,1982-02-02 00:00:00-05:00,2.0
RVTY,1992-05-11 00:00:00-04:00,2.0
RVTY,2001-06-04 00:00:00-04:00,2.0
RHI,1983-08-16 00:00:00-04:00,2.0
RHI,1984-05-22 00:00:00-04:00,2.0
RHI,1987-07-06 00:00:00-04:00,2.0
RHI,1988-03-18 00:00:00-05:00,1.5
RHI,1994-08-29 00:00:00-04:00,2.0
RHI,1996-06-10 00:00:00-04:00,2.0
RHI,1997-09-29 00:00:00-04:00,1.5
RHI,2000-06-13 00:00:00-04:00,2.0
ROK,1983-06-20 00:00:00-04:00,2.0
ROK,1987-04-14 00:00:00-04:00,2.0
ROL,1981-03-11 00:00:00-05:00,2.0
ROL,1984-07-02 00:00:00-04:00,2.198
ROL,1992-12-11 00:00:00-05:00,1.5
ROL,2003-03-11 00:00:00-05:00,1.5
ROL,2005-03-11 00:00:00-05:00,1.5
ROL,2007-12-11 00:00:00-05:00,1.5
ROL,2010-12-13 00:00:00-05:00,1.5
ROL,2015-03-11 00:00:00-04:00,1.5
ROL,2018-12-11 00:00:00-05:00,1.5
ROL,2020-12-11 00:00:00-05:00,1.5
ROP,1993-09-21 00:00:00-04:00,2.0
ROP,1997-08-04 00:00:00-04:00,2.0
ROP,2005-08-29 00:00:00-04:00,2.0
ROST,1997-03-06 00:00:00-05:00,2.0
ROST,1999-09-23 00:00:00-04:00,2.0
ROST,2003-12-19 00:00:00-05:00,2.0
ROST,2011-12-16 00:00:00-05:00,2.0
ROST,2015-06-12 00:00:00-04:00,2.0
RCL,1998-08-03 00:00:00-04:00,2.0
SPGI,1983-06-02 00:00:00-04:00,2.0
SPGI,1996-04-29 00:00:00-04:00,2.0
SPGI,1999-03-09 00:00:00-05:00,2.0
SPGI,2005-05-18 00:00:00-04:00,2.0
CRM,2013-04-18 00:00:00-04:00,4.0
SLB,1997-07-14 00:00:00-04:00,2.0
SLB,2006-04-10 00:00:00-04:00,2.0
SEE,1983-09-19 00:00:00-04:00,2.0
SEE,1989-05-12 00:00:00-04:00,4.0
SEE,1992-09-21 00:00:00-04:00,2.0
SEE,1995-10-02 00:00:00-04:00,2.0
SEE,2007-03-19 00:00:00-04:00,2.0
SRE,2023-08-22 00:00:00-04:00,2.0
SHW,1981-03-31 00:00:00-05:00,2.0
SHW,1983-03-31 00:00:00-05:00,2.0
SHW,1986-04-01 00:00:00-05:00,2.0
SHW,1991-04-01 00:00:00-05:00,2.0
SHW,1997-03-31 00:00:00-05:00,2.0
SHW,2021-04-01 00:00:00-04:00,3.0
SPG,2009-08-13 00:00:00-04:00,1.00722
SPG,2009-11-12 00:00:00-05:00,1.0063
SPG,2014-05-29 00:00:00-04:00,1.063
SWKS,1999-02-19 00:00:00-05:00,1.5
SWKS,2000-04-20 00:00:00-04:00,2.0
SNA,1979-05-14 00:00:00-04:00,2.0
SNA,1986-07-28 00:00:00-04:00,2.0
SNA,1996-09-11 00:00:00-04:00,1.5
SO,1994-03-01 00:00:00-05:00,2.0
SO,2001-04-03 00:00:00-04:00,1.636929120969062
LUV,1980-09-23 00:00:00-04:00,1.5
LUV,1981-10-23 00:00:00-04:00,1.25
LUV,1983-01-24 00:00:00-05:00,2.0
LUV,1984-01-30 00:00:00-05:00,1.25
LUV,1990-08-30 00:00:00-04:00,1.5
LUV,1992-07-16 00:00:00-04:00,2.0
LUV,1993-07-16 00:00:00-04:00,1.5
LUV,1997-11-28 00:00:00-05:00,1.5
LUV,1998-08-21 00:00:00-04:00,1.5
LUV,1999-07-20 00:00:00-04:00,1.5
LUV,2001-02-16 00:00:00-05:00,1.5
SWK,1980-05-21 00:00:00-04:00,2.0
SWK,1986-09-30 00:00:00-04:00,1.5
SWK,1996-06-04 00:00:00-04:00,2.0
SBUX,1993-09-30 00:00:00-04:00,2.0
SBUX,1995-12-04 00:00:00-05:00,2.0
SBUX,1999-03-22 00:00:00-05:00,2.0
SBUX,2001-04-30 00:00:00-04:00,2.0
SBUX,2005-10-24 00:00:00-04:00,2.0
SBUX,2015-04-09 00:00:00-04:00,2.0
STT,1982-05-20 00:00:00-04:00,2.0
STT,1983-05-19 00:00:00-04:00,2.0
STT,1985-08-16 00:00:00-04:00,2.0
STT,1986-08-06 00:00:00-04:00,2.0
STT,1992-05-14 00:00:00-04:00,2.0
STT,1997-05-29 00:00:00-04:00,2.0
STT,2001-05-31 00:00:00-04:00,2.0
STLD,2006-11-21 00:00:00-05:00,2.0
STLD,2008-03-31 00:00:00-04:00,2.0
STE,1995-08-25 00:00:00-04:00,2.0
STE,1998-08-25 00:00:00-04:00,2.0
SYK,1980-11-12 00:00:00-05:00,1.5
SYK,1982-11-15 00:00:00-05:00,1.5
SYK,1985-09-17 00:00:00-04:00,1.5
SYK,1987-06-12 00:00:00-04:00,2.0
SYK,1989-06-20 00:00:00-04:00,1.5
SYK,1991-06-14 00:00:00-04:00,2.0
SYK,1996-06-11 00:00:00-04:00,2.0
SYK,2000-05-15 00:00:00-04:00,2.0
SYK,2004-05-17 00:00:00-04:00,2.0
SNPS,1995-09-11 00:00:00-04:00,2.0
SNPS,2003-09-24 00:00:00-04:00,2.0
SYY,1979-06-22 00:00:00-04:00,1.5
SYY,1980-12-23 00:00:00-05:00,1.5
SYY,1982-06-28 00:00:00-04:00,2.0
SYY,1986-03-31 00:00:00-05:00,2.0
SYY,1989-10-18 00:00:00-04:00,2.0
SYY,1992-06-22 00:00:00-04:00,2.0
SYY,1998-03-23 00:00:00-05:00,2.0
SYY,2000-12-18 00:00:00-05:00,2.0
TMUS,2013-05-01 00:00:00-04:00,0.5
TROW,1990-01-02 00:00:00-05:00,2.0
TROW,1993-12-01 00:00:00-05:00,2.0
TROW,1996-05-01 00:00:00-04:00,2.0
TROW,1998-05-01 00:00:00-04:00,2.0
TROW,2006-06-26 00:00:00-04:00,2.0
TTWO,2005-04-12 00:00:00-04:00,1.5
TPR,2002-07-05 00:00:00-04:00,2.0
TPR,2003-10-02 00:00:00-04:00,2.0
TPR,2005-04-05 00:00:00-04:00,2.0
TGT,1981-12-01 00:00:00-05:00,2.0
TGT,1983-07-25 00:00:00-04:00,2.0
TGT,1996-07-18 00:00:00-04:00,3.0
TGT,1998-05-01 00:00:00-04:00,2.0
TGT,2000-07-20 00:00:00-04:00,2.0
TFX,1980-12-16 00:00:00-05:00,2.0
TFX,1981-09-16 00:00:00-04:00,1.5
TFX,1986-06-17 00:00:00-04:00,2.0
TFX,1991-06-17 00:00:00-04:00,1.5
TFX,1997-06-17 00:00:00-04:00,2.0
TER,1982-10-25 00:00:00-04:00,2.0
TER,1983-08-01 00:00:00-04:00,2.0
TER,1995-08-30 00:00:00-04:00,2.0
TER,1999-09-01 00:00:00-04:00,2.0
TSLA,2020-08-31 00:00:00-04:00,5.0
TSLA,2022-08-25 00:00:00-04:00,3.0
TXN,1973-05-29 00:00:00-04:00,2.0
TXN,1987-06-15 00:00:00-04:00,3.0
TXN,1995-08-21 00:00:00-04:00,2.0
TXN,1997-11-24 00:00:00-05:00,2.0
TXN,1999-08-17 00:00:00-04:00,2.0
TXN,2000-05-23 00:00:00-04:00,2.0
TXT,1987-05-29 00:00:00-04:00,2.0
TXT,1997-06-02 00:00:00-04:00,2.0
TXT,2007-08-27 00:00:00-04:00,2.0
TMO,1984-01-04 00:00:00-05:00,1.5
TMO,1985-09-17 00:00:00-04:00,1.5
TMO,1986-11-03 00:00:00-05:00,1.5
TMO,1993-10-29 00:00:00-04:00,1.5
TMO,1995-05-25 00:00:00-04:00,1.5
TMO,1996-06-06 00:00:00-04:00,1.5
TJX,1997-06-27 00:00:00-04:00,2.0
TJX,1998-06-26 00:00:00-04:00,2.0
TJX,2002-05-09 00:00:00-04:00,2.0
TJX,2012-02-03 00:00:00-05:00,2.0
TJX,2018-11-07 00:00:00-05:00,2.0
TSCO,2002-08-20 00:00:00-04:00,2.0
TSCO,2003-08-22 00:00:00-04:00,2.0
TSCO,2010-09-03 00:00:00-04:00,2.0
TSCO,2013-09-27 00:00:00-04:00,2.0
TT,1987-07-13 00:00:00-04:00,2.5
TT,1992-06-02 00:00:00-04:00,2.0
TT,1997-09-03 00:00:00-04:00,1.5
TT,2005-09-02 00:00:00-04:00,2.0
TT,2013-12-02 00:00:00-05:00,1.252
TT,2020-03-02 00:00:00-05:00,1.289
TRV,1994-06-07 00:00:00-04:00,2.0
TRV,1998-05-12 00:00:00-04:00,2.0
TRMB,2004-03-05 00:00:00-05:00,1.5
TRMB,2007-02-23 00:00:00-05:00,2.0
TRMB,2013-03-21 00:00:00-04:00,2.0
TFC,1983-07-01 00:00:00-04:00,1.25
TFC,1985-04-29 00:00:00-04:00,2.0
TFC,1987-06-23 00:00:00-04:00,1.5
TFC,1989-07-03 00:00:00-04:00,1.5
TFC,1998-08-04 00:00:00-04:00,2.0
TYL,1985-04-12 00:00:00-05:00,2.0
TYL,1990-05-15 00:00:00-04:00,3.0
TSN,1987-04-16 00:00:00-04:00,1.5
TSN,1991-04-16 00:00:00-04:00,2.0
TSN,1997-02-18 00:00:00-05:00,1.5
USB,1979-02-22 00:00:00-05:00,1.25
USB,1985-04-16 00:00:00-05:00,2.0
USB,1989-04-17 00:00:00-04:00,2.0
USB,1997-01-16 00:00:00-05:00,3.0
USB,1999-04-16 00:00:00-04:00,3.0
UDR,1983-08-01 00:00:00-04:00,1.5
UDR,1993-05-06 00:00:00-04:00,2.0
UNP,1980-05-12 00:00:00-04:00,2.0
UNP,1991-10-02 00:00:00-04:00,2.0
UNP,1996-10-16 00:00:00-04:00,1.48720999405116
UNP,2008-05-29 00:00:00-04:00,2.0
UNP,2014-06-09 00:00:00-04:00,2.0
UNH,1992-09-16 00:00:00-04:00,2.0
UNH,1994-03-11 00:00:00-05:00,2.0
UNH,2000-12-26 00:00:00-05:00,2.0
UNH,2003-06-19 00:00:00-04:00,2.0
UNH,2005-05-31 00:00:00-04:00,2.0
UHS,1983-07-05 00:00:00-04:00,2.0
UHS,1996-05-20 00:00:00-04:00,2.0
UHS,2001-06-04 00:00:00-04:00,2.0
UHS,2009-12-16 00:00:00-05:00,2.0
VLO,2004-10-08 00:00:00-04:00,2.0
VLO,2005-12-16 00:00:00-05:00,2.0
VLO,2013-05-02 00:00:00-04:00,1.094
VTR,2015-08-18 00:00:00-04:00,0.8757
VRSN,1999-06-01 00:00:00-04:00,2.0
VRSN,1999-12-07 00:00:00-05:00,2.0
VZ,1986-04-18 00:00:00-05:00,2.0
VZ,1990-05-02 00:00:00-04:00,2.0
VZ,1998-06-30 00:00:00-04:00,2.0
VZ,2006-11-20 00:00:00-05:00,1.038055099964706
VZ,2008-04-01 00:00:00-04:00,1.0046515366145252
VZ,2010-07-02 00:00:00-04:00,1.0662242546825904
VRTX,2000-08-24 00:00:00-04:00,2.0
VFC,1982-12-21 00:00:00-05:00,2.0
VFC,1983-12-20 00:00:00-05:00,2.0
VFC,1986-05-06 00:00:00-04:00,2.0
VFC,1997-11-25 00:00:00-05:00,2.0
VFC,2013-12-23 00:00:00-05:00,4.0
VFC,2019-05-23 00:00:00-04:00,1.062
VTRS,1992-08-03 00:00:00-04:00,2.0
VTRS,1995-08-16 00:00:00-04:00,1.5
VTRS,2003-01-28 00:00:00-05:00,1.5
VTRS,2003-10-09 00:00:00-04:00,1.5
V,2015-03-19 00:00:00-04:00,4.0
VMC,1976-05-17 00:00:00-04:00,2.0
VMC,1989-03-13 00:00:00-05:00,4.0
VMC,1999-03-11 00:00:00-05:00,3.0
WAB,2013-06-12 00:00:00-04:00,2.0
WBA,1982-02-16 00:00:00-05:00,2.0
WBA,1983-02-14 00:00:00-05:00,2.0
WBA,1985-05-09 00:00:00-04:00,2.0
WBA,1991-02-04 00:00:00-05:00,2.0
WBA,1995-08-09 00:00:00-04:00,2.0
WBA,1997-08-11 00:00:00-04:00,2.0
WBA,1999-02-16 00:00:00-05:00,2.0
WMT,1975-08-25 00:00:00-04:00,2.0
WMT,1980-12-17 00:00:00-05:00,2.0
WMT,1982-07-12 00:00:00-04:00,2.0
WMT,1983-07-11 00:00:00-04:00,2.0
WMT,1985-10-07 00:00:00-04:00,2.0
WMT,1987-07-13 00:00:00-04:00,2.0
WMT,1990-07-09 00:00:00-04:00,2.0
WMT,1993-02-26 00:00:00-05:00,2.0
WMT,1999-04-20 00:00:00-04:00,2.0
WBD,2014-08-07 00:00:00-04:00,1.957
WAT,1999-06-11 00:00:00-04:00,2.0
WAT,2000-08-28 00:00:00-04:00,2.0
WEC,1982-07-28 00:00:00-04:00,1.5
WEC,1987-07-01 00:00:00-04:00,2.0
WEC,1992-07-01 00:00:00-04:00,1.5
WEC,2011-03-02 00:00:00-05:00,2.0
WFC,1977-06-20 00:00:00-04:00,2.0
WFC,1988-07-01 00:00:00-04:00,1.5
WFC,1989-07-24 00:00:00-04:00,2.0
WFC,1993-06-29 00:00:00-04:00,2.0
WFC,1997-10-14 00:00:00-04:00,2.0
WFC,2006-08-14 00:00:00-04:00,2.0
WELL,1985-09-04 00:00:00-04:00,1.5
WST,1982-05-06 00:00:00-04:00,2.0
WST,1987-06-02 00:00:00-04:00,2.0
WST,2004-09-29 00:00:00-04:00,2.0
WST,2013-09-27 00:00:00-04:00,2.0
WDC,1997-06-04 00:00:00-04:00,2.0
WRK,2016-05-16 00:00:00-04:00,1.1099
WY,1973-12-12 00:00:00-05:00,2.0
WY,1988-06-03 00:00:00-04:00,1.5
WHR,1987-01-02 00:00:00-05:00,2.0
WMB,1993-11-08 00:00:00-05:00,2.0
WMB,1996-12-31 00:00:00-05:00,1.5
WMB,1997-12-30 00:00:00-05:00,2.0
WMB,2001-04-24 00:00:00-04:00,1.0893246187363834
WMB,2012-01-03 00:00:00-05:00,1.2266928361138372
WTW,2016-01-05 00:00:00-05:00,0.3775
GWW,1985-06-10 00:00:00-04:00,2.0
GWW,1991-06-10 00:00:00-04:00,2.0
GWW,1998-06-15 00:00:00-04:00,2.0
XEL,1986-06-16 00:00:00-04:00,2.0
XEL,1998-06-02 00:00:00-04:00,2.0
YUM,2002-06-18 00:00:00-04:00,2.0
YUM,2007-06-27 00:00:00-04:00,2.0
YUM,2016-11-01 00:00:00-04:00,1.391
ZBRA,1995-12-29 00:00:00-05:00,2.0
ZBRA,2003-08-22 00:00:00-04:00,1.5
ZBRA,2004-08-26 00:00:00-04:00,1.5
ZBH,2022-03-01 00:00:00-05:00,1.03
ZION,1981-08-17 00:00:00-04:00,1.5
ZION,1993-01-27 00:00:00-05:00,2.0
ZION,1997-05-15 00:00:00-04:00,4.0
